timestamp,symbol,underlying,stock_price,nav,exchange,exchange_symbol,last,bid,ask,premium_pct,spread_pct,vol_usdt
2026-09-13T10-42-54Z,TSLAon,TSLA,365.44,365.44,Gate,TSLAON_USDT,364.47,364.42,364.81,-0.2654,0.107,14086.19615
2026-09-13T10-42-54Z,TSLAon,TSLA,365.44,365.44,MEXC,TSLAONUSDT,365.04,365.02,365.41,-0.1095,0.1068,172560.02
2026-09-13T14-04-30Z,TSLAon,TSLA,365.44,365.44,Gate,TSLAON_USDT,363.45,363.42,363.82,-0.5445,0.11,7453.72544
2026-09-13T14-04-30Z,TSLAon,TSLA,365.44,365.44,MEXC,TSLAONUSDT,364.32,363.93,364.37,-0.3065,0.1208,174091.31
2026-09-13T14-43-37Z,TSLAon,TSLA,365.44,365.44,Gate,TSLAON_USDT,363.88,363.41,363.88,-0.4269,0.1292,5310.79556
2026-09-13T14-43-37Z,TSLAon,TSLA,365.44,365.44,MEXC,TSLAONUSDT,363.96,363.94,364.37,-0.405,0.1181,173883.57
2026-09-13T17-45-57Z,TSLAon,TSLA,365.44,365.44,Gate,TSLAON_USDT,363.41,362.94,363.36,-0.5555,0.1157,5468.30247
2026-09-13T17-45-57Z,TSLAon,TSLA,365.44,365.44,MEXC,TSLAONUSDT,363.94,363.63,364.06,-0.4105,0.1182,172448.88
2026-09-13T19-56-10Z,TSLAon,TSLA,365.44,365.44,Gate,TSLAON_USDT,362.09,361.96,362.33,-0.9167,0.1022,4144.97426
2026-09-13T19-56-10Z,TSLAon,TSLA,365.44,365.44,MEXC,TSLAONUSDT,363.14,362.96,363.44,-0.6294,0.1322,165181.13
2026-09-13T21-55-46Z,TSLAon,TSLA,365.44,365.44,Gate,TSLAON_USDT,363.01,362.88,363.34,-0.665,0.1267,4148.88078
2026-09-13T21-55-46Z,TSLAon,TSLA,365.44,365.44,MEXC,TSLAONUSDT,363.77,363.38,363.92,-0.457,0.1485,163994.68
2026-09-13T23-45-24Z,TSLAon,TSLA,365.44,365.44,Gate,TSLAON_USDT,363.44,363.39,363.4,-0.5473,0.0028,7201.60825
2026-09-13T23-45-24Z,TSLAon,TSLA,365.44,365.44,MEXC,TSLAONUSDT,363.66,363.18,363.57,-0.4871,0.1073,168361.6
2026-09-14T01-58-35Z,TSLAon,TSLA,365.44,365.44,Gate,TSLAON_USDT,360.69,360.89,360.95,-1.2998,0.0166,19429.08538
2026-09-14T01-58-35Z,TSLAon,TSLA,365.44,365.44,MEXC,TSLAONUSDT,360.95,360.84,360.85,-1.2287,0.0028,206912.98
2026-09-14T07-32-23Z,TSLAon,TSLA,365.44,365.44,Gate,TSLAON_USDT,360.74,360.5,360.88,-1.2861,0.1054,72601.70754
2026-09-14T07-32-23Z,TSLAon,TSLA,365.44,365.44,MEXC,TSLAONUSDT,360.83,360.82,360.83,-1.2615,0.0028,226517.91
2026-09-14T14-30-03Z,TSLAon,TSLA,358.231,358.231,Gate,TSLAON_USDT,358.03,358.01,358.47,-0.0561,0.1284,159623.4053694744
2026-09-14T14-30-03Z,TSLAon,TSLA,358.231,358.231,MEXC,TSLAONUSDT,358.34,358.38,358.39,0.0304,0.0028,250801.29
2026-09-14T19-32-21Z,TSLAon,TSLA,360.327,360.327,Gate,TSLAON_USDT,359.92,360.12,360.58,-0.113,0.1277,207996.5020394744
2026-09-14T19-32-21Z,TSLAon,TSLA,360.327,360.327,MEXC,TSLAONUSDT,360.35,360.34,360.37,0.0064,0.0083,307728.52
2026-09-14T22-48-56Z,TSLAon,TSLA,358.97,358.97,Gate,TSLAON_USDT,359.6,359.49,359.85,0.1755,0.1001,234713.5026094744
2026-09-14T22-48-56Z,TSLAon,TSLA,358.97,358.97,MEXC,TSLAONUSDT,359.78,359.77,359.78,0.2256,0.0028,311726.24
2026-09-15T01-02-13Z,TSLAon,TSLA,358.97,358.97,Gate,TSLAON_USDT,360.08,359.65,360.1,0.3092,0.125,252862.4253094744
2026-09-15T01-02-13Z,TSLAon,TSLA,358.97,358.97,MEXC,TSLAONUSDT,359.89,359.95,359.96,0.2563,0.0028,286256.52
2026-09-15T06-14-40Z,TSLAon,TSLA,358.97,358.97,Gate,TSLAON_USDT,358.74,358.83,359.25,-0.0641,0.117,265890.5011494744
2026-09-15T06-14-40Z,TSLAon,TSLA,358.97,358.97,MEXC,TSLAONUSDT,359.2,359.17,359.18,0.0641,0.0028,274301.74
2026-09-15T11-54-48Z,TSLAon,TSLA,358.97,358.97,Gate,TSLAON_USDT,358.32,358.31,358.68,-0.1811,0.1032,295566.6463
2026-09-15T11-54-48Z,TSLAon,TSLA,358.97,358.97,MEXC,TSLAONUSDT,358.56,358.56,358.57,-0.1142,0.0028,266641.83
2026-09-15T15-47-38Z,TSLAon,TSLA,360.565,360.565,Gate,TSLAON_USDT,360.66,360.45,360.88,0.0263,0.1192,274729.80723
2026-09-15T15-47-38Z,TSLAon,TSLA,360.565,360.565,MEXC,TSLAONUSDT,360.66,360.74,361.03,0.0263,0.0804,251872.32
2026-09-15T19-19-44Z,TSLAon,TSLA,356.44,356.44,Gate,TSLAON_USDT,356.31,356.28,356.73,-0.0365,0.1262,266039.97263
2026-09-15T19-19-44Z,TSLAon,TSLA,356.44,356.44,MEXC,TSLAONUSDT,356.7,356.63,356.64,0.0729,0.0028,254030.63
2026-09-15T22-21-26Z,TSLAon,TSLA,356.58,356.58,Gate,TSLAON_USDT,355.82,355.76,356.03,-0.2131,0.0759,265300.09597
2026-09-15T22-21-26Z,TSLAon,TSLA,356.58,356.58,MEXC,TSLAONUSDT,356.08,356.08,356.09,-0.1402,0.0028,251730.59
2026-09-16T00-33-26Z,TSLAon,TSLA,356.58,356.58,Gate,TSLAON_USDT,356.53,356.37,356.66,-0.014,0.0813,262861.66222
2026-09-16T00-33-26Z,TSLAon,TSLA,356.58,356.58,MEXC,TSLAONUSDT,356.69,356.69,356.7,0.0308,0.0028,248795.75
2026-09-16T05-24-45Z,TSLAon,TSLA,356.58,356.58,Gate,TSLAON_USDT,357.14,356.95,357.35,0.157,0.112,261549.32287
2026-09-16T05-24-45Z,TSLAon,TSLA,356.58,356.58,MEXC,TSLAONUSDT,357.27,357.25,357.26,0.1935,0.0028,250332.91
2026-09-16T10-06-17Z,TSLAon,TSLA,356.58,356.58,Gate,TSLAON_USDT,357.0,356.77,357.09,0.1178,0.0897,261773.14229
2026-09-16T10-06-17Z,TSLAon,TSLA,356.58,356.58,MEXC,TSLAONUSDT,356.85,356.66,356.72,0.0757,0.0168,264079.31
2026-09-16T15-03-35Z,TSLAon,TSLA,364.15,364.15,Gate,TSLAON_USDT,364.34,364.28,364.67,0.0522,0.107,240896.03386
2026-09-16T15-03-35Z,TSLAon,TSLA,364.15,364.15,MEXC,TSLAONUSDT,364.67,364.45,364.48,0.1428,0.0082,304362.07
2026-09-16T18-57-11Z,TSLAon,TSLA,356.881,356.881,Gate,TSLAON_USDT,357.77,357.67,357.74,0.2491,0.0196,260468.51754
2026-09-16T18-57-11Z,TSLAon,TSLA,356.881,356.881,MEXC,TSLAONUSDT,357.7,357.14,357.56,0.2295,0.1175,322043.15
2026-09-16T21-49-59Z,TSLAon,TSLA,358.08,358.08,Gate,TSLAON_USDT,358.3,358.21,358.54,0.0614,0.0921,256198.62497
2026-09-16T21-49-59Z,TSLAon,TSLA,358.08,358.08,MEXC,TSLAONUSDT,358.64,358.67,358.7,0.1564,0.0084,329390.01
2026-09-16T23-56-19Z,TSLAon,TSLA,358.08,358.08,Gate,TSLAON_USDT,359.4,359.44,359.57,0.3686,0.0362,258581.20686
2026-09-16T23-56-19Z,TSLAon,TSLA,358.08,358.08,MEXC,TSLAONUSDT,359.75,359.58,360.15,0.4664,0.1584,337590.94
2026-09-17T02-30-03Z,TSLAon,TSLA,358.08,358.08,Gate,TSLAON_USDT,359.92,359.72,359.94,0.5139,0.0611,257802.52328
2026-09-17T02-30-03Z,TSLAon,TSLA,358.08,358.08,MEXC,TSLAONUSDT,360.08,360.08,360.09,0.5585,0.0028,342029.63
2026-09-17T07-55-08Z,TSLAon,TSLA,358.08,358.08,Gate,TSLAON_USDT,362.79,362.76,362.8,1.3153,0.011,279821.78867
2026-09-17T07-55-08Z,TSLAon,TSLA,358.08,358.08,MEXC,TSLAONUSDT,362.85,362.54,362.97,1.3321,0.1185,343279.17
2026-09-17T12-50-08Z,TSLAon,TSLA,358.08,358.08,Gate,TSLAON_USDT,365.02,364.76,365.16,1.9381,0.1096,275850.62594
2026-09-17T12-50-08Z,TSLAon,TSLA,358.08,358.08,MEXC,TSLAONUSDT,365.19,365.11,365.12,1.9856,0.0027,316907.23
2026-09-17T17-20-35Z,TSLAon,TSLA,367.92,367.92,Gate,TSLAON_USDT,367.61,367.69,368.16,-0.0843,0.1277,282349.01911
2026-09-17T17-20-35Z,TSLAon,TSLA,367.92,367.92,MEXC,TSLAONUSDT,368.34,368.19,368.2,0.1142,0.0027,302497.36
2026-09-17T20-25-14Z,TSLAon,TSLA,366.2,366.2,Gate,TSLAON_USDT,366.13,365.73,366.13,-0.0191,0.1093,257839.37372
2026-09-17T20-25-14Z,TSLAon,TSLA,366.2,366.2,MEXC,TSLAONUSDT,366.17,366.17,366.18,-0.0082,0.0027,313890.23
2026-09-17T22-56-16Z,TSLAon,TSLA,366.2,366.2,Gate,TSLAON_USDT,365.68,365.65,365.69,-0.142,0.0109,247582.33823
2026-09-17T22-56-16Z,TSLAon,TSLA,366.2,366.2,MEXC,TSLAONUSDT,365.55,365.54,365.55,-0.1775,0.0027,304248.37
2026-09-18T00-54-04Z,TSLAon,TSLA,366.2,366.2,Gate,TSLAON_USDT,365.75,365.65,365.69,-0.1229,0.0109,255482.30815
2026-09-18T00-54-04Z,TSLAon,TSLA,366.2,366.2,MEXC,TSLAONUSDT,365.48,365.47,365.48,-0.1966,0.0027,300289.97
2026-09-18T05-21-13Z,TSLAon,TSLA,366.2,366.2,Gate,TSLAON_USDT,367.85,367.63,367.94,0.4506,0.0843,255429.52951
2026-09-18T05-21-13Z,TSLAon,TSLA,366.2,366.2,MEXC,TSLAONUSDT,367.86,367.82,367.83,0.4533,0.0027,293950.91
2026-09-18T09-55-42Z,TSLAon,TSLA,366.2,366.2,Gate,TSLAON_USDT,368.33,368.16,368.33,0.5816,0.0462,259733.44612
2026-09-18T09-55-42Z,TSLAon,TSLA,366.2,366.2,MEXC,TSLAONUSDT,368.38,368.38,368.39,0.5953,0.0027,287729.92
2026-09-18T13-57-18Z,TSLAon,TSLA,367.51,367.51,Gate,TSLAON_USDT,367.34,367.22,367.76,-0.0463,0.1469,239495.80705
2026-09-18T13-57-18Z,TSLAon,TSLA,367.51,367.51,MEXC,TSLAONUSDT,368.14,367.74,367.77,0.1714,0.0082,273309.12
2026-09-18T17-24-31Z,TSLAon,TSLA,362.94,362.94,Gate,TSLAON_USDT,362.68,362.7,363.07,-0.0716,0.102,247840.03994
2026-09-18T17-24-31Z,TSLAon,TSLA,362.94,362.94,MEXC,TSLAONUSDT,362.96,363.01,363.02,0.0055,0.0028,273410.58
2026-09-18T19-47-03Z,TSLAon,TSLA,363.43,363.43,Gate,TSLAON_USDT,362.74,362.97,363.37,-0.1899,0.1101,254955.94607
2026-09-18T19-47-03Z,TSLAon,TSLA,363.43,363.43,MEXC,TSLAONUSDT,363.42,363.49,363.5,-0.0028,0.0028,267532.55
2026-09-18T21-59-37Z,TSLAon,TSLA,364.27,364.27,Gate,TSLAON_USDT,364.24,363.94,364.24,-0.0082,0.0824,258413.77851
2026-09-18T21-59-37Z,TSLAon,TSLA,364.27,364.27,MEXC,TSLAONUSDT,364.23,364.22,364.23,-0.011,0.0027,277946.64
2026-09-18T23-53-42Z,TSLAon,TSLA,364.27,364.27,Gate,TSLAON_USDT,363.87,363.56,364.02,-0.1098,0.1264,252487.51676
2026-09-18T23-53-42Z,TSLAon,TSLA,364.27,364.27,MEXC,TSLAONUSDT,364.11,363.86,364.32,-0.0439,0.1263,278836.3
2026-09-19T01-54-48Z,TSLAon,TSLA,364.27,364.27,Gate,TSLAON_USDT,364.53,364.3,364.59,0.0714,0.0796,235815.52772
2026-09-19T01-54-48Z,TSLAon,TSLA,364.27,364.27,MEXC,TSLAONUSDT,364.86,364.48,365.0,0.162,0.1426,286208.4
2026-09-19T06-47-08Z,TSLAon,TSLA,364.27,364.27,Gate,TSLAON_USDT,364.43,364.31,364.58,0.0439,0.0741,175673.43532
2026-09-19T06-47-08Z,TSLAon,TSLA,364.27,364.27,MEXC,TSLAONUSDT,364.48,364.27,364.65,0.0576,0.1043,271469.91
2026-09-19T11-40-51Z,TSLAon,TSLA,364.27,364.27,Gate,TSLAON_USDT,364.5,364.24,364.53,0.0631,0.0796,135426.64503
2026-09-19T11-40-51Z,TSLAon,TSLA,364.27,364.27,MEXC,TSLAONUSDT,364.78,364.44,364.97,0.14,0.1453,259739.61
2026-09-19T14-56-02Z,TSLAon,TSLA,364.27,364.27,Gate,TSLAON_USDT,364.05,364.21,364.54,-0.0604,0.0906,92523.42546
2026-09-19T14-56-02Z,TSLAon,TSLA,364.27,364.27,MEXC,TSLAONUSDT,364.41,364.26,364.64,0.0384,0.1043,222812.77
2026-09-19T17-35-17Z,TSLAon,TSLA,364.27,364.27,Gate,TSLAON_USDT,364.89,364.7,365.01,0.1702,0.085,65566.60241
2026-09-19T17-35-17Z,TSLAon,TSLA,364.27,364.27,MEXC,TSLAONUSDT,364.54,364.47,364.84,0.0741,0.1015,194415.39
2026-09-19T19-40-48Z,TSLAon,TSLA,364.27,364.27,Gate,TSLAON_USDT,365.05,364.86,365.22,0.2141,0.0986,46485.13776
2026-09-19T19-40-48Z,TSLAon,TSLA,364.27,364.27,MEXC,TSLAONUSDT,364.48,364.3,364.77,0.0576,0.1289,174967.25
2026-09-19T21-50-54Z,TSLAon,TSLA,364.27,364.27,Gate,TSLAON_USDT,365.05,364.85,365.28,0.2141,0.1178,20746.60183
2026-09-19T21-50-54Z,TSLAon,TSLA,364.27,364.27,MEXC,TSLAONUSDT,364.73,364.43,364.95,0.1263,0.1426,165001.32
2026-09-19T23-42-58Z,TSLAon,TSLA,364.27,364.27,Gate,TSLAON_USDT,365.09,364.74,365.14,0.2251,0.1096,9307.61625
2026-09-19T23-42-58Z,TSLAon,TSLA,364.27,364.27,MEXC,TSLAONUSDT,364.65,364.49,364.87,0.1043,0.1042,165040.76
2026-09-20T01-57-25Z,TSLAon,TSLA,364.27,364.27,Gate,TSLAON_USDT,364.9,364.84,365.1,0.1729,0.0712,8413.40744
2026-09-20T01-57-25Z,TSLAon,TSLA,364.27,364.27,MEXC,TSLAONUSDT,364.74,364.72,365.17,0.129,0.1233,154416.13
2026-09-20T07-20-35Z,TSLAon,TSLA,364.27,364.27,Gate,TSLAON_USDT,362.69,362.67,362.87,-0.4337,0.0551,8195.34619
2026-09-20T07-20-35Z,TSLAon,TSLA,364.27,364.27,MEXC,TSLAONUSDT,363.34,363.16,363.58,-0.2553,0.1156,162374.07
2026-09-20T12-30-50Z,TSLAon,TSLA,364.27,364.27,Gate,TSLAON_USDT,362.65,362.79,363.23,-0.4447,0.1212,9001.0777
2026-09-20T12-30-50Z,TSLAon,TSLA,364.27,364.27,MEXC,TSLAONUSDT,363.56,363.15,363.58,-0.1949,0.1183,158811.85
2026-09-20T16-34-26Z,TSLAon,TSLA,364.27,364.27,Gate,TSLAON_USDT,363.82,363.86,364.33,-0.1235,0.1291,8595.56373
2026-09-20T16-34-26Z,TSLAon,TSLA,364.27,364.27,MEXC,TSLAONUSDT,364.13,363.75,364.27,-0.0384,0.1429,160496.19
2026-09-20T19-07-40Z,TSLAon,TSLA,364.27,364.27,Gate,TSLAON_USDT,363.92,363.92,364.02,-0.0961,0.0275,8323.46706
2026-09-20T19-07-40Z,TSLAon,TSLA,364.27,364.27,MEXC,TSLAONUSDT,364.37,364.05,364.44,0.0275,0.1071,158155.35
2026-09-20T21-40-07Z,TSLAon,TSLA,364.27,364.27,Gate,TSLAON_USDT,364.52,364.18,364.52,0.0686,0.0933,9503.51737
2026-09-20T21-40-07Z,TSLAon,TSLA,364.27,364.27,MEXC,TSLAONUSDT,364.63,364.81,365.31,0.0988,0.137,156390.09
2026-09-20T23-39-26Z,TSLAon,TSLA,364.27,364.27,Gate,TSLAON_USDT,365.28,365.05,365.29,0.2773,0.0657,9085.64231
2026-09-20T23-39-26Z,TSLAon,TSLA,364.27,364.27,MEXC,TSLAONUSDT,365.45,365.41,365.66,0.3239,0.0684,154703.4
2026-09-21T01-58-21Z,TSLAon,TSLA,364.27,364.27,Gate,TSLAON_USDT,365.93,365.93,366.15,0.4557,0.0601,24398.51826
2026-09-21T01-58-21Z,TSLAon,TSLA,364.27,364.27,MEXC,TSLAONUSDT,366.12,366.13,366.14,0.5079,0.0027,166603.4
2026-09-21T07-34-57Z,TSLAon,TSLA,364.27,364.27,Gate,TSLAON_USDT,367.96,367.98,368.16,1.013,0.0489,52176.32875
2026-09-21T07-34-57Z,TSLAon,TSLA,364.27,364.27,MEXC,TSLAONUSDT,368.23,368.24,368.25,1.0871,0.0027,170394.56
2026-09-21T14-37-29Z,TSLAon,TSLA,375.74,375.74,Gate,TSLAON_USDT,378.0,376.02,376.21,0.6015,0.0505,127853.1379
2026-09-21T14-37-29Z,TSLAon,TSLA,375.74,375.74,MEXC,TSLAONUSDT,376.27,375.72,375.85,0.1411,0.0346,213421.76
2026-09-21T19-47-25Z,TSLAon,TSLA,374.67,374.67,Gate,TSLAON_USDT,375.22,374.83,374.84,0.1468,0.0027,184212.39671
2026-09-21T19-47-25Z,TSLAon,TSLA,374.67,374.67,MEXC,TSLAONUSDT,374.46,374.64,374.65,-0.056,0.0027,287468.2
2026-09-21T22-53-54Z,TSLAon,TSLA,375.3,375.3,Gate,TSLAON_USDT,374.56,374.57,374.72,-0.1972,0.04,230492.40516
2026-09-21T22-53-54Z,TSLAon,TSLA,375.3,375.3,MEXC,TSLAONUSDT,375.03,375.0,375.01,-0.0719,0.0027,291714.96
2026-09-22T01-19-34Z,TSLAon,TSLA,375.3,375.3,Gate,TSLAON_USDT,376.45,376.5,376.59,0.3064,0.0239,260526.6778
2026-09-22T01-19-34Z,TSLAon,TSLA,375.3,375.3,MEXC,TSLAONUSDT,376.9,376.88,376.89,0.4263,0.0027,287844.54
2026-09-22T06-24-22Z,TSLAon,TSLA,375.3,375.3,Gate,TSLAON_USDT,376.71,375.68,375.69,0.3757,0.0027,259670.04146
2026-09-22T06-24-22Z,TSLAon,TSLA,375.3,375.3,MEXC,TSLAONUSDT,375.4,375.37,375.38,0.0266,0.0027,294209.74
2026-09-22T11-53-34Z,TSLAon,TSLA,375.3,375.3,Gate,TSLAON_USDT,378.14,377.73,378.16,0.7567,0.1138,241496.03702
2026-09-22T11-53-34Z,TSLAon,TSLA,375.3,375.3,MEXC,TSLAONUSDT,378.18,378.24,378.25,0.7674,0.0026,297106.37
2026-09-22T15-50-13Z,TSLAon,TSLA,376.33,376.33,Gate,TSLAON_USDT,376.21,376.02,376.26,-0.0319,0.0638,229572.55924
2026-09-22T15-50-13Z,TSLAon,TSLA,376.33,376.33,MEXC,TSLAONUSDT,376.47,376.35,376.36,0.0372,0.0027,260290.1
2026-09-22T19-19-20Z,TSLAon,TSLA,379.23,379.23,Gate,TSLAON_USDT,379.22,379.0,379.32,-0.0026,0.0844,222989.76543
2026-09-22T19-19-20Z,TSLAon,TSLA,379.23,379.23,MEXC,TSLAONUSDT,379.2,379.19,379.2,-0.0079,0.0026,242071.33
2026-09-22T22-20-21Z,TSLAon,TSLA,378.9,378.9,Gate,TSLAON_USDT,378.64,378.23,378.6,-0.0686,0.0978,207515.53875
2026-09-22T22-20-21Z,TSLAon,TSLA,378.9,378.9,MEXC,TSLAONUSDT,378.51,378.48,378.49,-0.1029,0.0026,237707.65
2026-09-23T00-45-27Z,TSLAon,TSLA,378.9,378.9,Gate,TSLAON_USDT,378.85,378.71,379.03,-0.0132,0.0845,184491.05654
2026-09-23T00-45-27Z,TSLAon,TSLA,378.9,378.9,MEXC,TSLAONUSDT,379.05,379.07,379.08,0.0396,0.0026,237468.07
2026-09-23T05-20-17Z,TSLAon,TSLA,378.9,378.9,Gate,TSLAON_USDT,378.66,378.39,378.6,-0.0633,0.0555,241629.16702
2026-09-23T05-20-17Z,TSLAon,TSLA,378.9,378.9,MEXC,TSLAONUSDT,378.77,378.69,378.7,-0.0343,0.0026,229068.57
2026-09-23T10-09-21Z,TSLAon,TSLA,378.9,378.9,Gate,TSLAON_USDT,379.86,379.94,380.26,0.2534,0.0842,281734.22728
2026-09-23T10-09-21Z,TSLAon,TSLA,378.9,378.9,MEXC,TSLAONUSDT,380.33,380.33,380.34,0.3774,0.0026,221678.89
2026-09-23T15-07-13Z,TSLAon,TSLA,381.195,381.195,Gate,TSLAON_USDT,380.84,380.93,381.23,-0.0931,0.0787,290988.76046
2026-09-23T15-07-13Z,TSLAon,TSLA,381.195,381.195,MEXC,TSLAONUSDT,381.26,381.19,381.2,0.0171,0.0026,253261.58
2026-09-23T19-08-25Z,TSLAon,TSLA,380.14,380.14,Gate,TSLAON_USDT,379.75,379.94,380.14,-0.1026,0.0526,294674.41054
2026-09-23T19-08-25Z,TSLAon,TSLA,380.14,380.14,MEXC,TSLAONUSDT,380.12,380.13,380.14,-0.0053,0.0026,255681.73
2026-09-23T22-23-28Z,TSLAon,TSLA,380.12,380.12,Gate,TSLAON_USDT,379.89,379.86,380.12,-0.0605,0.0684,296724.53618
2026-09-23T22-23-28Z,TSLAon,TSLA,380.12,380.12,MEXC,TSLAONUSDT,380.12,380.12,380.13,0.0,0.0026,251827.94
2026-09-24T00-37-23Z,TSLAon,TSLA,380.12,380.12,Gate,TSLAON_USDT,379.9,379.67,379.93,-0.0579,0.0685,306154.66794
2026-09-24T00-37-23Z,TSLAon,TSLA,380.12,380.12,MEXC,TSLAONUSDT,379.82,379.79,379.8,-0.0789,0.0026,249660.64
2026-09-24T05-35-23Z,TSLAon,TSLA,380.12,380.12,Gate,TSLAON_USDT,378.79,378.75,379.05,-0.3499,0.0792,272564.07412
2026-09-24T05-35-23Z,TSLAon,TSLA,380.12,380.12,MEXC,TSLAONUSDT,378.85,378.84,378.85,-0.3341,0.0026,245952.7
2026-09-24T10-37-43Z,TSLAon,TSLA,380.12,380.12,Gate,TSLAON_USDT,376.24,376.17,376.52,-1.0207,0.093,266586.39541
2026-09-24T10-37-43Z,TSLAon,TSLA,380.12,380.12,MEXC,TSLAONUSDT,376.25,376.28,376.29,-1.0181,0.0027,260087.82
2026-09-24T15-33-21Z,TSLAon,TSLA,376.671,376.671,Gate,TSLAON_USDT,377.02,376.29,376.71,0.0927,0.1116,257506.54275
2026-09-24T15-33-21Z,TSLAon,TSLA,376.671,376.671,MEXC,TSLAONUSDT,376.57,376.77,376.96,-0.0268,0.0504,225072.26
2026-09-24T19-33-41Z,TSLAon,TSLA,379.823,379.823,Gate,TSLAON_USDT,379.39,379.53,379.94,-0.114,0.108,292622.54949
2026-09-24T19-33-41Z,TSLAon,TSLA,379.823,379.823,MEXC,TSLAONUSDT,380.4,380.31,380.77,0.1519,0.1209,216823.82
2026-09-24T22-46-40Z,TSLAon,TSLA,377.94,377.94,Gate,TSLAON_USDT,377.59,377.54,377.95,-0.0926,0.1085,292821.35307
2026-09-24T22-46-40Z,TSLAon,TSLA,377.94,377.94,MEXC,TSLAONUSDT,378.71,378.27,378.72,0.2037,0.1189,215231.14
2026-09-25T00-58-29Z,TSLAon,TSLA,377.94,377.94,Gate,TSLAON_USDT,378.01,377.78,378.2,0.0185,0.1111,296207.61113
2026-09-25T00-58-29Z,TSLAon,TSLA,377.94,377.94,MEXC,TSLAONUSDT,378.74,378.59,379.11,0.2117,0.1373,212207.65
2026-09-25T05-45-37Z,TSLAon,TSLA,377.94,377.94,Gate,TSLAON_USDT,379.8,379.74,379.99,0.4921,0.0658,278632.98802
2026-09-25T05-45-37Z,TSLAon,TSLA,377.94,377.94,MEXC,TSLAONUSDT,380.26,380.0,380.44,0.6139,0.1157,215089.42
2026-09-25T10-41-33Z,TSLAon,TSLA,377.94,377.94,Gate,TSLAON_USDT,381.11,380.97,381.36,0.8388,0.1023,262340.26301
2026-09-25T10-41-33Z,TSLAon,TSLA,377.94,377.94,MEXC,TSLAONUSDT,381.82,381.66,382.12,1.0266,0.1205,196752.57
2026-09-25T15-37-20Z,TSLAon,TSLA,370.44,370.44,Gate,TSLAON_USDT,370.98,370.37,370.74,0.1458,0.0999,504077.97764
2026-09-25T15-37-20Z,TSLAon,TSLA,370.44,370.44,MEXC,TSLAONUSDT,371.1,370.71,371.15,0.1782,0.1186,183639.48
2026-09-25T19-37-56Z,TSLAon,TSLA,371.15,371.15,Gate,TSLAON_USDT,371.62,371.19,371.53,0.1266,0.0916,475486.03739
2026-09-25T19-37-56Z,TSLAon,TSLA,371.15,371.15,MEXC,TSLAONUSDT,371.68,371.23,371.65,0.1428,0.1131,172646.16
2026-09-25T22-53-11Z,TSLAon,TSLA,372.11,372.11,Gate,TSLAON_USDT,372.69,372.3,372.73,0.1559,0.1154,461876.02078
2026-09-25T22-53-11Z,TSLAon,TSLA,372.11,372.11,MEXC,TSLAONUSDT,373.13,372.79,373.18,0.2741,0.1046,172129.78
2026-09-26T01-00-26Z,TSLAon,TSLA,372.11,372.11,Gate,TSLAON_USDT,372.05,371.19,371.51,-0.0161,0.0862,449851.15238
2026-09-26T01-00-26Z,TSLAon,TSLA,372.11,372.11,MEXC,TSLAONUSDT,371.93,371.89,372.25,-0.0484,0.0968,172579.22
2026-09-26T06-13-19Z,TSLAon,TSLA,372.11,372.11,Gate,TSLAON_USDT,372.31,371.45,371.8,0.0537,0.0942,412787.29782
2026-09-26T06-13-19Z,TSLAon,TSLA,372.11,372.11,MEXC,TSLAONUSDT,372.18,371.95,372.27,0.0188,0.086,167689.96
2026-09-26T11-35-54Z,TSLAon,TSLA,372.11,372.11,Gate,TSLAON_USDT,371.52,371.43,371.71,-0.1586,0.0754,371475.90525
2026-09-26T11-35-54Z,TSLAon,TSLA,372.11,372.11,MEXC,TSLAONUSDT,371.99,371.69,372.1,-0.0322,0.1102,167232.9
2026-09-26T15-13-04Z,TSLAon,TSLA,372.11,372.11,Gate,TSLAON_USDT,371.57,371.6,372.01,-0.1451,0.1103,112105.67955
2026-09-26T15-13-04Z,TSLAon,TSLA,372.11,372.11,MEXC,TSLAONUSDT,371.88,371.87,372.4,-0.0618,0.1424,155946.14
2026-09-26T18-38-55Z,TSLAon,TSLA,372.11,372.11,Gate,TSLAON_USDT,372.07,371.77,372.11,-0.0107,0.0914,64590.62742
2026-09-26T18-38-55Z,TSLAon,TSLA,372.11,372.11,MEXC,TSLAONUSDT,372.21,371.84,372.31,0.0269,0.1263,150870.97
2026-09-26T21-39-43Z,TSLAon,TSLA,372.11,372.11,Gate,TSLAON_USDT,371.83,371.63,372.08,-0.0752,0.121,43062.69106
2026-09-26T21-39-43Z,TSLAon,TSLA,372.11,372.11,MEXC,TSLAONUSDT,371.89,371.84,372.26,-0.0591,0.1129,147928.92
2026-09-26T23-58-29Z,TSLAon,TSLA,372.11,372.11,Gate,TSLAON_USDT,372.02,371.92,372.34,-0.0242,0.1129,30409.50635
2026-09-26T23-58-29Z,TSLAon,TSLA,372.11,372.11,MEXC,TSLAONUSDT,372.5,372.28,372.81,0.1048,0.1423,151301.64
2026-09-27T03-31-15Z,TSLAon,TSLA,372.11,372.11,Gate,TSLAON_USDT,372.33,372.01,372.27,0.0591,0.0699,27978.14659
2026-09-27T03-31-15Z,TSLAon,TSLA,372.11,372.11,MEXC,TSLAONUSDT,371.98,371.9,372.43,-0.0349,0.1424,149159.4
2026-09-27T09-35-27Z,TSLAon,TSLA,372.11,372.11,Gate,TSLAON_USDT,373.0,372.98,373.49,0.2392,0.1366,21804.42121
2026-09-27T09-35-27Z,TSLAon,TSLA,372.11,372.11,MEXC,TSLAONUSDT,372.86,372.44,372.96,0.2016,0.1395,150300.6
2026-09-27T14-52-05Z,TSLAon,TSLA,372.11,372.11,Gate,TSLAON_USDT,374.0,373.58,374.03,0.5079,0.1204,6319.6987
2026-09-27T14-52-05Z,TSLAon,TSLA,372.11,372.11,MEXC,TSLAONUSDT,373.91,373.5,374.02,0.4837,0.1391,150786.7
2026-09-27T18-43-18Z,TSLAon,TSLA,372.11,372.11,Gate,TSLAON_USDT,373.14,373.04,373.42,0.2768,0.1018,5240.37831
2026-09-27T18-43-18Z,TSLAon,TSLA,372.11,372.11,MEXC,TSLAONUSDT,373.29,373.03,373.53,0.3171,0.1339,153114.19
2026-09-27T21-42-08Z,TSLAon,TSLA,372.11,372.11,Gate,TSLAON_USDT,373.38,373.03,373.43,0.3413,0.1072,5519.56858
2026-09-27T21-42-08Z,TSLAon,TSLA,372.11,372.11,MEXC,TSLAONUSDT,373.11,373.04,373.53,0.2687,0.1313,154675.92
2026-09-28T00-04-31Z,TSLAon,TSLA,372.11,372.11,Gate,TSLAON_USDT,372.56,372.0,372.77,0.1209,0.2068,4478.71896
2026-09-28T00-04-31Z,TSLAon,TSLA,372.11,372.11,MEXC,TSLAONUSDT,373.19,373.04,373.5,0.2902,0.1232,153494.25
2026-09-28T05-36-57Z,TSLAon,TSLA,372.11,372.11,Gate,TSLAON_USDT,369.71,369.57,369.84,-0.645,0.073,34653.29006
2026-09-28T05-36-57Z,TSLAon,TSLA,372.11,372.11,MEXC,TSLAONUSDT,370.09,370.0,370.32,-0.5429,0.0864,160451.31
2026-09-28T12-09-57Z,TSLAon,TSLA,372.11,372.11,Gate,TSLAON_USDT,370.87,370.48,370.62,-0.3332,0.0378,69937.06549
2026-09-28T12-09-57Z,TSLAon,TSLA,372.11,372.11,MEXC,TSLAONUSDT,370.67,370.41,370.8,-0.387,0.1052,187549.76
2026-09-28T19-44-35Z,TSLAon,TSLA,358.185,358.185,Gate,TSLAON_USDT,358.13,358.11,358.52,-0.0154,0.1144,133288.7366
2026-09-28T19-44-35Z,TSLAon,TSLA,358.185,358.185,MEXC,TSLAONUSDT,358.88,358.74,359.28,0.194,0.1504,205686.71
2026-09-29T00-00-34Z,TSLAon,TSLA,357.45,357.45,Gate,TSLAON_USDT,358.21,358.02,358.51,0.2126,0.1368,162905.69921
2026-09-29T00-00-34Z,TSLAon,TSLA,357.45,357.45,MEXC,TSLAONUSDT,358.4,358.1,358.39,0.2658,0.081,206062.82
2026-09-29T05-54-32Z,TSLAon,TSLA,357.45,357.45,Gate,TSLAON_USDT,355.73,355.83,356.19,-0.4812,0.1011,199765.52886
2026-09-29T05-54-32Z,TSLAon,TSLA,357.45,357.45,MEXC,TSLAONUSDT,356.2,356.17,356.18,-0.3497,0.0028,203059.41
2026-09-29T11-41-25Z,TSLAon,TSLA,357.45,357.45,Gate,TSLAON_USDT,358.76,358.49,358.78,0.3665,0.0809,282722.23345
2026-09-29T11-41-25Z,TSLAon,TSLA,357.45,357.45,MEXC,TSLAONUSDT,358.72,358.69,358.7,0.3553,0.0028,213302.9
2026-09-29T17-07-54Z,TSLAon,TSLA,352.215,352.215,Gate,TSLAON_USDT,352.21,352.05,352.57,-0.0014,0.1476,290959.78697
2026-09-29T17-07-54Z,TSLAon,TSLA,352.215,352.215,MEXC,TSLAONUSDT,352.53,352.3,352.71,0.0894,0.1163,218534.84
2026-09-29T21-27-52Z,TSLAon,TSLA,352.84,352.84,Gate,TSLAON_USDT,353.64,353.64,353.99,0.2267,0.0989,309886.91196
2026-09-29T21-27-52Z,TSLAon,TSLA,352.84,352.84,MEXC,TSLAONUSDT,354.07,353.96,354.3,0.3486,0.096,214342.15
2026-09-30T00-38-33Z,TSLAon,TSLA,352.84,352.84,Gate,TSLAON_USDT,354.57,354.27,354.61,0.4903,0.0959,314870.61167
2026-09-30T00-38-33Z,TSLAon,TSLA,352.84,352.84,MEXC,TSLAONUSDT,354.86,354.51,354.95,0.5725,0.124,214103.89
2026-09-30T06-05-23Z,TSLAon,TSLA,352.84,352.84,Gate,TSLAON_USDT,354.43,354.14,354.52,0.4506,0.1072,337042.81112
2026-09-30T06-05-23Z,TSLAon,TSLA,352.84,352.84,MEXC,TSLAONUSDT,354.7,354.49,354.89,0.5272,0.1128,211018.49
2026-09-30T12-49-33Z,TSLAon,TSLA,352.84,352.84,Gate,TSLAON_USDT,351.35,351.56,351.98,-0.4223,0.1194,284642.44701
2026-09-30T12-49-33Z,TSLAon,TSLA,352.84,352.84,MEXC,TSLAONUSDT,352.01,352.0,352.01,-0.2352,0.0028,179069.31
2026-09-30T18-10-52Z,TSLAon,TSLA,353.385,353.385,Gate,TSLAON_USDT,353.46,353.08,353.42,0.0212,0.0962,304865.66533
2026-09-30T18-10-52Z,TSLAon,TSLA,353.385,353.385,MEXC,TSLAONUSDT,353.49,353.42,353.43,0.0297,0.0028,254297.57
2026-09-30T22-25-28Z,TSLAon,TSLA,354.81,354.81,Gate,TSLAON_USDT,353.92,353.95,354.23,-0.2508,0.0791,307211.10572
2026-09-30T22-25-28Z,TSLAon,TSLA,354.81,354.81,MEXC,TSLAONUSDT,354.36,354.35,354.36,-0.1268,0.0028,283582.37
2026-10-01T01-22-08Z,TSLAon,TSLA,354.81,354.81,Gate,TSLAON_USDT,354.96,354.9,355.07,0.0423,0.0479,304517.66763
2026-10-01T01-22-08Z,TSLAon,TSLA,354.81,354.81,MEXC,TSLAONUSDT,355.39,355.38,355.39,0.1635,0.0028,290502.52
2026-10-01T07-18-36Z,TSLAon,TSLA,354.81,354.81,Gate,TSLAON_USDT,357.73,357.67,358.06,0.823,0.109,282750.83824
2026-10-01T07-18-36Z,TSLAon,TSLA,354.81,354.81,MEXC,TSLAONUSDT,358.16,358.16,358.17,0.9442,0.0028,306393.5
2026-10-01T14-37-00Z,TSLAon,TSLA,356.625,356.625,Gate,TSLAON_USDT,355.83,356.11,356.61,-0.2229,0.1403,299571.05166
2026-10-01T14-37-00Z,TSLAon,TSLA,356.625,356.625,MEXC,TSLAONUSDT,356.44,356.62,356.69,-0.0519,0.0196,307773.16
2026-10-01T19-56-45Z,TSLAon,TSLA,354.78,354.78,Gate,TSLAON_USDT,354.93,354.62,355.03,0.0423,0.1155,294123.84073
2026-10-01T19-56-45Z,TSLAon,TSLA,354.78,354.78,MEXC,TSLAONUSDT,354.98,354.81,355.2,0.0564,0.1099,294934.36
2026-10-01T23-35-25Z,TSLAon,TSLA,354.11,354.11,Gate,TSLAON_USDT,354.88,354.88,355.35,0.2174,0.1324,292871.07909
2026-10-01T23-35-25Z,TSLAon,TSLA,354.11,354.11,MEXC,TSLAONUSDT,355.49,355.51,355.52,0.3897,0.0028,301042.45
2026-10-02T02-48-15Z,TSLAon,TSLA,354.11,354.11,Gate,TSLAON_USDT,355.29,355.43,355.47,0.3332,0.0113,305345.89842
2026-10-02T02-48-15Z,TSLAon,TSLA,354.11,354.11,MEXC,TSLAONUSDT,355.91,355.94,355.95,0.5083,0.0028,299991.4
2026-10-02T09-05-43Z,TSLAon,TSLA,354.11,354.11,Gate,TSLAON_USDT,357.07,357.11,357.41,0.8359,0.084,299113.08058
2026-10-02T09-05-43Z,TSLAon,TSLA,354.11,354.11,MEXC,TSLAONUSDT,357.57,357.57,357.58,0.9771,0.0028,282331.98
2026-10-02T15-54-06Z,TSLAon,TSLA,371.895,371.895,Gate,TSLAON_USDT,372.13,371.45,371.79,0.0632,0.0915,317834.72048
2026-10-02T15-54-06Z,TSLAon,TSLA,371.895,371.895,MEXC,TSLAONUSDT,372.25,371.94,371.95,0.0955,0.0027,287796.0
2026-10-02T20-12-46Z,TSLAon,TSLA,370.59,370.59,Gate,TSLAON_USDT,370.06,369.79,370.34,-0.143,0.1486,307807.73019
2026-10-02T20-12-46Z,TSLAon,TSLA,370.59,370.59,MEXC,TSLAONUSDT,370.39,370.31,370.32,-0.054,0.0027,308001.92
2026-10-02T23-52-41Z,TSLAon,TSLA,370.59,370.59,Gate,TSLAON_USDT,370.84,370.96,371.14,0.0675,0.0485,319236.87028
2026-10-02T23-52-41Z,TSLAon,TSLA,370.59,370.59,MEXC,TSLAONUSDT,371.25,371.18,371.66,0.1781,0.1292,301840.78
2026-10-03T02-34-28Z,TSLAon,TSLA,370.59,370.59,Gate,TSLAON_USDT,370.6,370.49,370.92,0.0027,0.116,300050.39365
2026-10-03T02-34-28Z,TSLAon,TSLA,370.59,370.59,MEXC,TSLAONUSDT,371.84,371.5,371.87,0.3373,0.0995,297751.6
2026-10-03T08-38-04Z,TSLAon,TSLA,370.59,370.59,Gate,TSLAON_USDT,370.8,370.28,370.82,0.0567,0.1457,229194.63837
2026-10-03T08-38-04Z,TSLAon,TSLA,370.59,370.59,MEXC,TSLAONUSDT,371.44,371.3,371.83,0.2294,0.1426,294637.32
2026-10-03T14-01-51Z,TSLAon,TSLA,370.59,370.59,Gate,TSLAON_USDT,370.85,370.53,371.15,0.0702,0.1672,160032.08368
2026-10-03T14-01-51Z,TSLAon,TSLA,370.59,370.59,MEXC,TSLAONUSDT,372.38,371.98,372.5,0.483,0.1397,272632.74
2026-10-03T18-02-24Z,TSLAon,TSLA,370.59,370.59,Gate,TSLAON_USDT,370.57,370.45,371.07,-0.0054,0.1672,112629.43991
2026-10-03T18-02-24Z,TSLAon,TSLA,370.59,370.59,MEXC,TSLAONUSDT,371.23,371.03,371.4,0.1727,0.0997,203644.41
2026-10-03T21-30-40Z,TSLAon,TSLA,370.59,370.59,Gate,TSLAON_USDT,370.48,370.54,371.04,-0.0297,0.1348,72983.6694
2026-10-03T21-30-40Z,TSLAon,TSLA,370.59,370.59,MEXC,TSLAONUSDT,370.84,370.48,370.85,0.0675,0.0998,162065.03
2026-10-04T00-10-28Z,TSLAon,TSLA,370.59,370.59,Gate,TSLAON_USDT,371.1,370.87,371.15,0.1376,0.0755,42116.39134
2026-10-04T00-10-28Z,TSLAon,TSLA,370.59,370.59,MEXC,TSLAONUSDT,370.52,370.33,370.76,-0.0189,0.116,164722.41
2026-10-04T06-04-32Z,TSLAon,TSLA,370.59,370.59,Gate,TSLAON_USDT,371.64,371.5,371.72,0.2833,0.0592,56766.97298
2026-10-04T06-04-32Z,TSLAon,TSLA,370.59,370.59,MEXC,TSLAONUSDT,371.63,371.6,371.98,0.2806,0.1022,158104.61
2026-10-04T12-35-27Z,TSLAon,TSLA,370.59,370.59,Gate,TSLAON_USDT,371.38,371.37,371.52,0.2132,0.0404,50606.55749
2026-10-04T12-35-27Z,TSLAon,TSLA,370.59,370.59,MEXC,TSLAONUSDT,371.69,371.6,372.13,0.2968,0.1425,154573.85
2026-10-04T17-08-52Z,TSLAon,TSLA,370.59,370.59,Gate,TSLAON_USDT,372.61,372.29,372.74,0.5451,0.1208,49793.9634
2026-10-04T17-08-52Z,TSLAon,TSLA,370.59,370.59,MEXC,TSLAONUSDT,372.46,372.39,372.7,0.5046,0.0832,152968.32
2026-10-04T20-15-18Z,TSLAon,TSLA,370.59,370.59,Gate,TSLAON_USDT,372.69,372.33,372.75,0.5667,0.1127,45820.55194
2026-10-04T20-15-18Z,TSLAon,TSLA,370.59,370.59,MEXC,TSLAONUSDT,372.64,372.39,372.7,0.5532,0.0832,151110.5
2026-10-04T23-19-48Z,TSLAon,TSLA,370.59,370.59,Gate,TSLAON_USDT,372.09,371.93,372.19,0.4048,0.0699,37387.11737
2026-10-04T23-19-48Z,TSLAon,TSLA,370.59,370.59,MEXC,TSLAONUSDT,372.29,372.21,372.63,0.4587,0.1128,149130.1
2026-10-05T02-08-52Z,TSLAon,TSLA,370.59,370.59,Gate,TSLAON_USDT,372.65,372.66,373.28,0.5559,0.1662,51313.78157
2026-10-05T02-08-52Z,TSLAon,TSLA,370.59,370.59,MEXC,TSLAONUSDT,373.19,373.33,373.34,0.7016,0.0027,159569.16
2026-10-05T09-16-16Z,TSLAon,TSLA,370.59,370.59,Gate,TSLAON_USDT,371.61,371.08,371.62,0.2752,0.1454,102446.22351
2026-10-05T09-16-16Z,TSLAon,TSLA,370.59,370.59,MEXC,TSLAONUSDT,371.48,371.48,371.49,0.2402,0.0027,175384.74
2026-10-05T18-36-35Z,TSLAon,TSLA,380.51,380.51,Gate,TSLAON_USDT,379.77,379.79,380.27,-0.1945,0.1263,185745.85245
2026-10-05T18-36-35Z,TSLAon,TSLA,380.51,380.51,MEXC,TSLAONUSDT,380.31,380.45,380.46,-0.0526,0.0026,270095.26
2026-10-06T00-25-45Z,TSLAon,TSLA,378.73,378.73,Gate,TSLAON_USDT,379.47,379.19,379.54,0.1954,0.0923,238886.22167
2026-10-06T00-25-45Z,TSLAon,TSLA,378.73,378.73,MEXC,TSLAONUSDT,379.52,379.52,379.53,0.2086,0.0026,277846.27
2026-10-06T06-36-29Z,TSLAon,TSLA,378.73,378.73,Gate,TSLAON_USDT,380.32,380.32,380.35,0.4198,0.0079,249923.98094
2026-10-06T06-36-29Z,TSLAon,TSLA,378.73,378.73,MEXC,TSLAONUSDT,381.03,381.03,381.21,0.6073,0.0472,279801.74
2026-10-06T13-43-02Z,TSLAon,TSLA,380.785,380.785,Gate,TSLAON_USDT,380.88,380.44,380.79,0.0249,0.092,248184.99025
2026-10-06T13-43-02Z,TSLAon,TSLA,380.785,380.785,MEXC,TSLAONUSDT,380.58,380.75,381.24,-0.0538,0.1286,263892.83
2026-10-06T19-09-48Z,TSLAon,TSLA,380.205,380.205,Gate,TSLAON_USDT,379.72,379.71,380.2,-0.1276,0.129,248619.19766
2026-10-06T19-09-48Z,TSLAon,TSLA,380.205,380.205,MEXC,TSLAONUSDT,380.18,380.22,380.23,-0.0066,0.0026,229582.15
2026-10-06T23-07-45Z,TSLAon,TSLA,380.68,380.68,Gate,TSLAON_USDT,379.73,379.51,380.02,-0.2496,0.1343,254243.41795
2026-10-06T23-07-45Z,TSLAon,TSLA,380.68,380.68,MEXC,TSLAONUSDT,379.89,379.86,379.87,-0.2075,0.0026,224572.49
2026-10-07T02-30-27Z,TSLAon,TSLA,380.68,380.68,Gate,TSLAON_USDT,378.19,377.86,378.2,-0.6541,0.0899,248578.99976
2026-10-07T02-30-27Z,TSLAon,TSLA,380.68,380.68,MEXC,TSLAONUSDT,378.27,378.22,378.23,-0.6331,0.0026,226134.07
2026-10-07T09-26-52Z,TSLAon,TSLA,380.68,380.68,Gate,TSLAON_USDT,377.63,377.34,377.67,-0.8012,0.0874,243539.95909
2026-10-07T09-26-52Z,TSLAon,TSLA,380.68,380.68,MEXC,TSLAONUSDT,377.79,377.78,377.79,-0.7592,0.0026,216759.94
2026-10-07T16-43-59Z,TSLAon,TSLA,375.812,375.812,Gate,TSLAON_USDT,375.5,375.5,375.97,-0.083,0.1251,303315.67658
2026-10-07T16-43-59Z,TSLAon,TSLA,375.812,375.812,MEXC,TSLAONUSDT,375.94,375.89,375.9,0.0341,0.0027,220231.5
2026-10-07T21-40-26Z,TSLAon,TSLA,377.81,377.81,Gate,TSLAON_USDT,377.4,377.34,377.6,-0.1085,0.0689,288516.27819
2026-10-07T21-40-26Z,TSLAon,TSLA,377.81,377.81,MEXC,TSLAONUSDT,377.7,377.69,377.7,-0.0291,0.0026,230949.81
2026-10-08T01-23-42Z,TSLAon,TSLA,377.81,377.81,Gate,TSLAON_USDT,377.66,377.16,377.63,-0.0397,0.1245,283210.79019
2026-10-08T01-23-42Z,TSLAon,TSLA,377.81,377.81,MEXC,TSLAONUSDT,377.55,377.62,377.63,-0.0688,0.0026,227025.34
2026-10-08T07-36-09Z,TSLAon,TSLA,377.81,377.81,Gate,TSLAON_USDT,376.84,376.43,376.96,-0.2567,0.1407,294455.53734
2026-10-08T07-36-09Z,TSLAon,TSLA,377.81,377.81,MEXC,TSLAONUSDT,377.0,377.0,377.01,-0.2144,0.0027,226114.99
2026-10-08T15-00-05Z,TSLAon,TSLA,373.025,373.025,Gate,TSLAON_USDT,372.94,372.93,373.22,-0.0228,0.0777,248958.17025
2026-10-08T15-00-05Z,TSLAon,TSLA,373.025,373.025,MEXC,TSLAONUSDT,373.16,373.22,373.23,0.0362,0.0027,227351.87
2026-10-08T20-31-55Z,TSLAon,TSLA,375.0,375.0,Gate,TSLAON_USDT,374.99,374.73,375.02,-0.0027,0.0774,293672.40814
2026-10-08T20-31-55Z,TSLAon,TSLA,375.0,375.0,MEXC,TSLAONUSDT,374.94,374.89,374.9,-0.016,0.0027,261705.44
2026-10-09T00-45-03Z,TSLAon,TSLA,375.0,375.0,Gate,TSLAON_USDT,375.04,374.93,375.25,0.0107,0.0853,307580.585
2026-10-09T00-45-03Z,TSLAon,TSLA,375.0,375.0,MEXC,TSLAONUSDT,375.4,375.44,375.45,0.1067,0.0027,268150.96
2026-10-09T06-52-55Z,TSLAon,TSLA,375.0,375.0,Gate,TSLAON_USDT,378.12,378.2,378.31,0.832,0.0291,307452.55379
2026-10-09T06-52-55Z,TSLAon,TSLA,375.0,375.0,MEXC,TSLAONUSDT,378.69,378.69,378.7,0.984,0.0026,275948.37
2026-10-09T13-55-55Z,TSLAon,TSLA,386.725,386.725,Gate,TSLAON_USDT,387.13,386.75,387.49,0.1047,0.1912,298254.10831
2026-10-09T13-55-55Z,TSLAon,TSLA,386.725,386.725,MEXC,TSLAONUSDT,387.43,386.9,386.92,0.1823,0.0052,288961.56
